<?xml version="1.0" encoding="UTF-8"?><CodeSystem xmlns="http://hl7.org/fhir"><id value="SpecimenNumberCs"/><text><status value="generated"/><div xmlns="http://www.w3.org/1999/xhtml"><p>This  code system <code>http://worldhealthorganization.github.io/smart-ot/SpecimenNumber</code> defines the following codes:</p><table class="codes"><tr><td style="white-space:nowrap"><b>Code</b></td><td><b>Display</b></td></tr><tr><td style="white-space:nowrap">1<a name="SpecimenNumberCs-1"> </a></td><td>First Sample</td></tr><tr><td style="white-space:nowrap">2<a name="SpecimenNumberCs-2"> </a></td><td>Second Sample</td></tr><tr><td style="white-space:nowrap">3<a name="SpecimenNumberCs-3"> </a></td><td>Third Sample (If Appropriate)</td></tr></table></div></text><url value="http://worldhealthorganization.github.io/smart-ot/SpecimenNumber"/><version value="0.2.1"/><name value="SpecimenNumberCs"/><title value="Specimen Number Code System"/><status value="draft"/><date value="2023-10-26T09:30:25+00:00"/><publisher value="WHO"/><contact><name value="WHO"/><telecom><system value="url"/><value value="http://who.int"/></telecom></contact><description value="Specimen Number Code System"/><jurisdiction><coding><system value="http://unstats.un.org/unsd/methods/m49/m49.htm"/><code value="001"/></coding></jurisdiction><content value="complete"/><count value="3"/><concept><code value="1"/><display value="First Sample"/></concept><concept><code value="2"/><display value="Second Sample"/></concept><concept><code value="3"/><display value="Third Sample (If Appropriate)"/></concept></CodeSystem>