<?xml version="1.0" encoding="UTF-8"?><CodeSystem xmlns="http://hl7.org/fhir"><id value="PlaceOfCareCs"/><text><status value="generated"/><div xmlns="http://www.w3.org/1999/xhtml"><p>This  code system <code>http://worldhealthorganization.github.io/smart-ot/PlaceOfCare</code> defines the following codes:</p><table class="codes"><tr><td style="white-space:nowrap"><b>Code</b></td><td><b>Display</b></td></tr><tr><td style="white-space:nowrap">Home<a name="PlaceOfCareCs-Home"> </a></td><td>at home</td></tr><tr><td style="white-space:nowrap">HealthFacility<a name="PlaceOfCareCs-HealthFacility"> </a></td><td>at health facility</td></tr><tr><td style="white-space:nowrap">TraditionalClinic<a name="PlaceOfCareCs-TraditionalClinic"> </a></td><td>at traditional clinic</td></tr></table></div></text><url value="http://worldhealthorganization.github.io/smart-ot/PlaceOfCare"/><version value="0.2.1"/><name value="PlaceOfCareCs"/><title value="Place Of Care"/><status value="draft"/><date value="2023-10-26T09:30:25+00:00"/><publisher value="WHO"/><contact><name value="WHO"/><telecom><system value="url"/><value value="http://who.int"/></telecom></contact><description value="Place Of Care"/><jurisdiction><coding><system value="http://unstats.un.org/unsd/methods/m49/m49.htm"/><code value="001"/></coding></jurisdiction><content value="complete"/><count value="3"/><concept><code value="Home"/><display value="at home"/></concept><concept><code value="HealthFacility"/><display value="at health facility"/></concept><concept><code value="TraditionalClinic"/><display value="at traditional clinic"/></concept></CodeSystem>