{
  "resourceType" : "CodeSystem",
  "id" : "AFROMRCIF",
  "text" : {
    "status" : "generated",
    "div" : "<div xmlns=\"http://www.w3.org/1999/xhtml\"><p>This case-insensitive code system <code>http://worldhealthorganization.github.io/smart-ot/CodeSystem/AFROMRCIF</code> defines the following codes:</p><table class=\"codes\"><tr><td style=\"white-space:nowrap\"><b>Code</b></td><td><b>Display</b></td></tr><tr><td style=\"white-space:nowrap\">DE1<a name=\"AFROMRCIF-DE1\"> </a></td><td>Case ID</td></tr><tr><td style=\"white-space:nowrap\">DE2<a name=\"AFROMRCIF-DE2\"> </a></td><td>Reporting facility</td></tr><tr><td style=\"white-space:nowrap\">DE3<a name=\"AFROMRCIF-DE3\"> </a></td><td>Locality</td></tr><tr><td style=\"white-space:nowrap\">DE4<a name=\"AFROMRCIF-DE4\"> </a></td><td>Date reported national</td></tr><tr><td style=\"white-space:nowrap\">DE5<a name=\"AFROMRCIF-DE5\"> </a></td><td>Name</td></tr><tr><td style=\"white-space:nowrap\">DE6<a name=\"AFROMRCIF-DE6\"> </a></td><td>Date of birth</td></tr><tr><td style=\"white-space:nowrap\">DE7<a name=\"AFROMRCIF-DE7\"> </a></td><td>Age onset</td></tr><tr><td style=\"white-space:nowrap\">DE8<a name=\"AFROMRCIF-DE8\"> </a></td><td>Sex</td></tr><tr><td style=\"white-space:nowrap\">DE11<a name=\"AFROMRCIF-DE11\"> </a></td><td>Locality</td></tr><tr><td style=\"white-space:nowrap\">DE12<a name=\"AFROMRCIF-DE12\"> </a></td><td>State</td></tr><tr><td style=\"white-space:nowrap\">DE13<a name=\"AFROMRCIF-DE13\"> </a></td><td>Municipality</td></tr><tr><td style=\"white-space:nowrap\">DE14<a name=\"AFROMRCIF-DE14\"> </a></td><td>Locality type</td></tr><tr><td style=\"white-space:nowrap\">DE17<a name=\"AFROMRCIF-DE17\"> </a></td><td>Vaccine type</td></tr><tr><td style=\"white-space:nowrap\">DE21<a name=\"AFROMRCIF-DE21\"> </a></td><td>No of doses</td></tr><tr><td style=\"white-space:nowrap\">DE27<a name=\"AFROMRCIF-DE27\"> </a></td><td>Last dose date</td></tr><tr><td style=\"white-space:nowrap\">DE28<a name=\"AFROMRCIF-DE28\"> </a></td><td>Date reported local</td></tr><tr><td style=\"white-space:nowrap\">DE29<a name=\"AFROMRCIF-DE29\"> </a></td><td>Date of consultation</td></tr><tr><td style=\"white-space:nowrap\">DE30<a name=\"AFROMRCIF-DE30\"> </a></td><td>Rash onset date</td></tr><tr><td style=\"white-space:nowrap\">DE31<a name=\"AFROMRCIF-DE31\"> </a></td><td>Fever</td></tr><tr><td style=\"white-space:nowrap\">DE35<a name=\"AFROMRCIF-DE35\"> </a></td><td>Rash</td></tr><tr><td style=\"white-space:nowrap\">DE39<a name=\"AFROMRCIF-DE39\"> </a></td><td>Cough</td></tr><tr><td style=\"white-space:nowrap\">DE43<a name=\"AFROMRCIF-DE43\"> </a></td><td>Conjunctivitis</td></tr><tr><td style=\"white-space:nowrap\">DE47<a name=\"AFROMRCIF-DE47\"> </a></td><td>Coryza</td></tr><tr><td style=\"white-space:nowrap\">DE51<a name=\"AFROMRCIF-DE51\"> </a></td><td>Lymphadenopathy</td></tr><tr><td style=\"white-space:nowrap\">DE55<a name=\"AFROMRCIF-DE55\"> </a></td><td>Jointpain</td></tr><tr><td style=\"white-space:nowrap\">DE59<a name=\"AFROMRCIF-DE59\"> </a></td><td>Admitted</td></tr><tr><td style=\"white-space:nowrap\">DE63<a name=\"AFROMRCIF-DE63\"> </a></td><td>Outcome</td></tr><tr><td style=\"white-space:nowrap\">DE67<a name=\"AFROMRCIF-DE67\"> </a></td><td>Travelled outside</td></tr><tr><td style=\"white-space:nowrap\">DE71<a name=\"AFROMRCIF-DE71\"> </a></td><td>Specify infection setting</td></tr><tr><td style=\"white-space:nowrap\">DE72<a name=\"AFROMRCIF-DE72\"> </a></td><td>Final classification</td></tr><tr><td style=\"white-space:nowrap\">DE79<a name=\"AFROMRCIF-DE79\"> </a></td><td>Reported by</td></tr><tr><td style=\"white-space:nowrap\">DE80<a name=\"AFROMRCIF-DE80\"> </a></td><td>Reported by signature</td></tr><tr><td style=\"white-space:nowrap\">DE81<a name=\"AFROMRCIF-DE81\"> </a></td><td>Date next level</td></tr><tr><td style=\"white-space:nowrap\">DE82<a name=\"AFROMRCIF-DE82\"> </a></td><td>Sample type</td></tr><tr><td style=\"white-space:nowrap\">DE88<a name=\"AFROMRCIF-DE88\"> </a></td><td>Specify specimen</td></tr><tr><td style=\"white-space:nowrap\">DE89<a name=\"AFROMRCIF-DE89\"> </a></td><td>Collection date</td></tr><tr><td style=\"white-space:nowrap\">DE90<a name=\"AFROMRCIF-DE90\"> </a></td><td>Specimen sent date</td></tr><tr><td style=\"white-space:nowrap\">DE91<a name=\"AFROMRCIF-DE91\"> </a></td><td>Specimen recd date</td></tr><tr><td style=\"white-space:nowrap\">DE92<a name=\"AFROMRCIF-DE92\"> </a></td><td>Specimen condition</td></tr><tr><td style=\"white-space:nowrap\">DE95<a name=\"AFROMRCIF-DE95\"> </a></td><td>Test performed</td></tr><tr><td style=\"white-space:nowrap\">DE98<a name=\"AFROMRCIF-DE98\"> </a></td><td>Result</td></tr><tr><td style=\"white-space:nowrap\">DE102<a name=\"AFROMRCIF-DE102\"> </a></td><td>Specify virus</td></tr><tr><td style=\"white-space:nowrap\">DE103<a name=\"AFROMRCIF-DE103\"> </a></td><td>Remarks</td></tr><tr><td style=\"white-space:nowrap\">DE104<a name=\"AFROMRCIF-DE104\"> </a></td><td>Lab name</td></tr><tr><td style=\"white-space:nowrap\">DE105<a name=\"AFROMRCIF-DE105\"> </a></td><td>Date sent epi</td></tr><tr><td style=\"white-space:nowrap\">DE106<a name=\"AFROMRCIF-DE106\"> </a></td><td>Date sent district</td></tr></table></div>"
  },
  "url" : "http://worldhealthorganization.github.io/smart-ot/CodeSystem/AFROMRCIF",
  "version" : "0.2.1",
  "name" : "AFROMRCIF",
  "title" : "AFRO MRCIF CodeSystem for Data Elements",
  "status" : "draft",
  "experimental" : false,
  "date" : "2023-10-26T09:30:25+00:00",
  "publisher" : "WHO",
  "contact" : [{
    "name" : "WHO",
    "telecom" : [{
      "system" : "url",
      "value" : "http://who.int"
    }]
  }],
  "description" : "CodeSystem for PAHO MRCIF Data Elements",
  "jurisdiction" : [{
    "coding" : [{
      "system" : "http://unstats.un.org/unsd/methods/m49/m49.htm",
      "code" : "001"
    }]
  }],
  "caseSensitive" : false,
  "content" : "complete",
  "count" : 46,
  "concept" : [{
    "code" : "DE1",
    "display" : "Case ID"
  },
  {
    "code" : "DE2",
    "display" : "Reporting facility"
  },
  {
    "code" : "DE3",
    "display" : "Locality"
  },
  {
    "code" : "DE4",
    "display" : "Date reported national"
  },
  {
    "code" : "DE5",
    "display" : "Name"
  },
  {
    "code" : "DE6",
    "display" : "Date of birth"
  },
  {
    "code" : "DE7",
    "display" : "Age onset"
  },
  {
    "code" : "DE8",
    "display" : "Sex"
  },
  {
    "code" : "DE11",
    "display" : "Locality"
  },
  {
    "code" : "DE12",
    "display" : "State"
  },
  {
    "code" : "DE13",
    "display" : "Municipality"
  },
  {
    "code" : "DE14",
    "display" : "Locality type"
  },
  {
    "code" : "DE17",
    "display" : "Vaccine type"
  },
  {
    "code" : "DE21",
    "display" : "No of doses"
  },
  {
    "code" : "DE27",
    "display" : "Last dose date"
  },
  {
    "code" : "DE28",
    "display" : "Date reported local"
  },
  {
    "code" : "DE29",
    "display" : "Date of consultation"
  },
  {
    "code" : "DE30",
    "display" : "Rash onset date"
  },
  {
    "code" : "DE31",
    "display" : "Fever"
  },
  {
    "code" : "DE35",
    "display" : "Rash"
  },
  {
    "code" : "DE39",
    "display" : "Cough"
  },
  {
    "code" : "DE43",
    "display" : "Conjunctivitis"
  },
  {
    "code" : "DE47",
    "display" : "Coryza"
  },
  {
    "code" : "DE51",
    "display" : "Lymphadenopathy"
  },
  {
    "code" : "DE55",
    "display" : "Jointpain"
  },
  {
    "code" : "DE59",
    "display" : "Admitted"
  },
  {
    "code" : "DE63",
    "display" : "Outcome"
  },
  {
    "code" : "DE67",
    "display" : "Travelled outside"
  },
  {
    "code" : "DE71",
    "display" : "Specify infection setting"
  },
  {
    "code" : "DE72",
    "display" : "Final classification"
  },
  {
    "code" : "DE79",
    "display" : "Reported by"
  },
  {
    "code" : "DE80",
    "display" : "Reported by signature"
  },
  {
    "code" : "DE81",
    "display" : "Date next level"
  },
  {
    "code" : "DE82",
    "display" : "Sample type"
  },
  {
    "code" : "DE88",
    "display" : "Specify specimen"
  },
  {
    "code" : "DE89",
    "display" : "Collection date"
  },
  {
    "code" : "DE90",
    "display" : "Specimen sent date"
  },
  {
    "code" : "DE91",
    "display" : "Specimen recd date"
  },
  {
    "code" : "DE92",
    "display" : "Specimen condition"
  },
  {
    "code" : "DE95",
    "display" : "Test performed"
  },
  {
    "code" : "DE98",
    "display" : "Result"
  },
  {
    "code" : "DE102",
    "display" : "Specify virus"
  },
  {
    "code" : "DE103",
    "display" : "Remarks"
  },
  {
    "code" : "DE104",
    "display" : "Lab name"
  },
  {
    "code" : "DE105",
    "display" : "Date sent epi"
  },
  {
    "code" : "DE106",
    "display" : "Date sent district"
  }]
}