{
  "resourceType" : "CodeSystem",
  "id" : "SourceOfInfectionCs",
  "text" : {
    "status" : "generated",
    "div" : "<div xmlns=\"http://www.w3.org/1999/xhtml\"><p>This  code system <code>http://worldhealthorganization.github.io/smart-ot/SourceOfInfection</code> defines the following codes:</p><table class=\"codes\"><tr><td style=\"white-space:nowrap\"><b>Code</b></td><td><b>Display</b></td></tr><tr><td style=\"white-space:nowrap\">1<a name=\"SourceOfInfectionCs-1\"> </a></td><td>Imported</td></tr><tr><td style=\"white-space:nowrap\">2<a name=\"SourceOfInfectionCs-2\"> </a></td><td>Import-Related</td></tr><tr><td style=\"white-space:nowrap\">3<a name=\"SourceOfInfectionCs-3\"> </a></td><td>Unknown source</td></tr><tr><td style=\"white-space:nowrap\">4<a name=\"SourceOfInfectionCs-4\"> </a></td><td>Indegenous</td></tr></table></div>"
  },
  "url" : "http://worldhealthorganization.github.io/smart-ot/SourceOfInfection",
  "version" : "0.2.1",
  "name" : "SourceOfInfectionCs",
  "title" : "Source Of Infection",
  "status" : "draft",
  "date" : "2023-10-26T09:30:25+00:00",
  "publisher" : "WHO",
  "contact" : [{
    "name" : "WHO",
    "telecom" : [{
      "system" : "url",
      "value" : "http://who.int"
    }]
  }],
  "description" : "Source Of Infection",
  "jurisdiction" : [{
    "coding" : [{
      "system" : "http://unstats.un.org/unsd/methods/m49/m49.htm",
      "code" : "001"
    }]
  }],
  "content" : "complete",
  "count" : 4,
  "concept" : [{
    "code" : "1",
    "display" : "Imported"
  },
  {
    "code" : "2",
    "display" : "Import-Related"
  },
  {
    "code" : "3",
    "display" : "Unknown source"
  },
  {
    "code" : "4",
    "display" : "Indegenous"
  }]
}