<?xml version="1.0" encoding="UTF-8"?>

<CodeSystem xmlns="http://hl7.org/fhir">
  <id value="InitDiagCs"/>
  <text>
    <status value="generated"/><div xmlns="http://www.w3.org/1999/xhtml"><p>This  code system <code>http://worldhealthorganization.github.io/smart-ot/InitDiag</code> defines the following codes:</p><table class="codes"><tr><td style="white-space:nowrap"><b>Code</b></td><td><b>Display</b></td></tr><tr><td style="white-space:nowrap">1<a name="InitDiagCs-1"> </a></td><td>Measles</td></tr><tr><td style="white-space:nowrap">2<a name="InitDiagCs-2"> </a></td><td>Rubella</td></tr><tr><td style="white-space:nowrap">3<a name="InitDiagCs-3"> </a></td><td>Dengue</td></tr><tr><td style="white-space:nowrap">4<a name="InitDiagCs-4"> </a></td><td>Other Rash illness</td></tr><tr><td style="white-space:nowrap">8<a name="InitDiagCs-8"> </a></td><td>Other Non-Rash illness</td></tr><tr><td style="white-space:nowrap">99<a name="InitDiagCs-99"> </a></td><td>Unknown</td></tr></table></div>
  </text>
  <url value="http://worldhealthorganization.github.io/smart-ot/InitDiag"/>
  <version value="0.2.1"/>
  <name value="InitDiagCs"/>
  <title value="Initial Diagnosis Code System"/>
  <status value="draft"/>
  <date value="2023-10-26T09:30:25+00:00"/>
  <publisher value="WHO"/>
  <contact>
    <name value="WHO"/>
    <telecom>
      <system value="url"/>
      <value value="http://who.int"/>
    </telecom>
  </contact>
  <description value="Initial Diagnosis Code System"/>
  <jurisdiction>
    <coding>
      <system value="http://unstats.un.org/unsd/methods/m49/m49.htm"/>
      <code value="001"/>
    </coding>
  </jurisdiction>
  <content value="complete"/>
  <count value="6"/>
  <concept>
    <code value="1"/>
    <display value="Measles"/>
  </concept>
  <concept>
    <code value="2"/>
    <display value="Rubella"/>
  </concept>
  <concept>
    <code value="3"/>
    <display value="Dengue"/>
  </concept>
  <concept>
    <code value="4"/>
    <display value="Other Rash illness"/>
  </concept>
  <concept>
    <code value="8"/>
    <display value="Other Non-Rash illness"/>
  </concept>
  <concept>
    <code value="99"/>
    <display value="Unknown"/>
  </concept>
</CodeSystem>