<?xml version="1.0" encoding="UTF-8"?>

<CodeSystem xmlns="http://hl7.org/fhir">
  <id value="NoOfDosesCs"/>
  <text>
    <status value="generated"/><div xmlns="http://www.w3.org/1999/xhtml"><p>This  code system <code>http://worldhealthorganization.github.io/smart-ot/NoOfDoses</code> defines the following codes:</p><table class="codes"><tr><td style="white-space:nowrap"><b>Code</b></td><td><b>Display</b></td></tr><tr><td style="white-space:nowrap">0<a name="NoOfDosesCs-0"> </a></td><td>Zero dose</td></tr><tr><td style="white-space:nowrap">1<a name="NoOfDosesCs-1"> </a></td><td>One dose</td></tr><tr><td style="white-space:nowrap">2<a name="NoOfDosesCs-2"> </a></td><td>Two dose</td></tr><tr><td style="white-space:nowrap">3<a name="NoOfDosesCs-3"> </a></td><td>Three dose</td></tr><tr><td style="white-space:nowrap">99<a name="NoOfDosesCs-99"> </a></td><td>Unknown</td></tr></table></div>
  </text>
  <url value="http://worldhealthorganization.github.io/smart-ot/NoOfDoses"/>
  <version value="0.2.1"/>
  <name value="NoOfDosesCs"/>
  <title value="Number of Doses"/>
  <status value="draft"/>
  <date value="2023-10-26T09:30:25+00:00"/>
  <publisher value="WHO"/>
  <contact>
    <name value="WHO"/>
    <telecom>
      <system value="url"/>
      <value value="http://who.int"/>
    </telecom>
  </contact>
  <description value="Number of Doses"/>
  <jurisdiction>
    <coding>
      <system value="http://unstats.un.org/unsd/methods/m49/m49.htm"/>
      <code value="001"/>
    </coding>
  </jurisdiction>
  <content value="complete"/>
  <count value="5"/>
  <concept>
    <code value="0"/>
    <display value="Zero dose"/>
  </concept>
  <concept>
    <code value="1"/>
    <display value="One dose"/>
  </concept>
  <concept>
    <code value="2"/>
    <display value="Two dose"/>
  </concept>
  <concept>
    <code value="3"/>
    <display value="Three dose"/>
  </concept>
  <concept>
    <code value="99"/>
    <display value="Unknown"/>
  </concept>
</CodeSystem>