<?xml version="1.0" encoding="UTF-8"?>

<CodeSystem xmlns="http://hl7.org/fhir">
  <id value="VaccineTypeCs"/>
  <text>
    <status value="generated"/><div xmlns="http://www.w3.org/1999/xhtml"><p>This  code system <code>http://worldhealthorganization.github.io/smart-ot/VaccineType</code> defines the following codes:</p><table class="codes"><tr><td style="white-space:nowrap"><b>Code</b></td><td><b>Display</b></td></tr><tr><td style="white-space:nowrap">1<a name="VaccineTypeCs-1"> </a></td><td>Measles</td></tr><tr><td style="white-space:nowrap">2<a name="VaccineTypeCs-2"> </a></td><td>Rubella</td></tr><tr><td style="white-space:nowrap">3<a name="VaccineTypeCs-3"> </a></td><td>Measles Rubella(MR)</td></tr><tr><td style="white-space:nowrap">4<a name="VaccineTypeCs-4"> </a></td><td>Measles Mumps Rubella (MMR)</td></tr></table></div>
  </text>
  <url value="http://worldhealthorganization.github.io/smart-ot/VaccineType"/>
  <version value="0.2.1"/>
  <name value="VaccineTypeCs"/>
  <title value="Vaccine Type"/>
  <status value="draft"/>
  <date value="2023-10-26T09:30:25+00:00"/>
  <publisher value="WHO"/>
  <contact>
    <name value="WHO"/>
    <telecom>
      <system value="url"/>
      <value value="http://who.int"/>
    </telecom>
  </contact>
  <description value="Vaccine Type"/>
  <jurisdiction>
    <coding>
      <system value="http://unstats.un.org/unsd/methods/m49/m49.htm"/>
      <code value="001"/>
    </coding>
  </jurisdiction>
  <content value="complete"/>
  <count value="4"/>
  <concept>
    <code value="1"/>
    <display value="Measles"/>
  </concept>
  <concept>
    <code value="2"/>
    <display value="Rubella"/>
  </concept>
  <concept>
    <code value="3"/>
    <display value="Measles Rubella(MR)"/>
  </concept>
  <concept>
    <code value="4"/>
    <display value="Measles Mumps Rubella (MMR)"/>
  </concept>
</CodeSystem>