<?xml version="1.0" encoding="UTF-8"?>

<CodeSystem xmlns="http://hl7.org/fhir">
  <id value="RouteOfAdministrationCs"/>
  <text>
    <status value="generated"/><div xmlns="http://www.w3.org/1999/xhtml"><p>This  code system <code>http://worldhealthorganization.github.io/smart-ot/RouteOfAdministration</code> defines the following codes:</p><table class="codes"><tr><td style="white-space:nowrap"><b>Code</b></td><td><b>Display</b></td></tr><tr><td style="white-space:nowrap">IV<a name="RouteOfAdministrationCs-IV"> </a></td><td>Intravenous</td></tr><tr><td style="white-space:nowrap">IM<a name="RouteOfAdministrationCs-IM"> </a></td><td>Intramuscular</td></tr><tr><td style="white-space:nowrap">Oral<a name="RouteOfAdministrationCs-Oral"> </a></td><td>Oral</td></tr></table></div>
  </text>
  <url value="http://worldhealthorganization.github.io/smart-ot/RouteOfAdministration"/>
  <version value="0.2.1"/>
  <name value="RouteOfAdministrationCs"/>
  <title value="Route Of Administration"/>
  <status value="draft"/>
  <date value="2023-10-26T09:30:25+00:00"/>
  <publisher value="WHO"/>
  <contact>
    <name value="WHO"/>
    <telecom>
      <system value="url"/>
      <value value="http://who.int"/>
    </telecom>
  </contact>
  <description value="Route Of Administration"/>
  <jurisdiction>
    <coding>
      <system value="http://unstats.un.org/unsd/methods/m49/m49.htm"/>
      <code value="001"/>
    </coding>
  </jurisdiction>
  <content value="complete"/>
  <count value="3"/>
  <concept>
    <code value="IV"/>
    <display value="Intravenous"/>
  </concept>
  <concept>
    <code value="IM"/>
    <display value="Intramuscular"/>
  </concept>
  <concept>
    <code value="Oral"/>
    <display value="Oral"/>
  </concept>
</CodeSystem>