<?xml version="1.0" encoding="UTF-8"?>

<ValueSet xmlns="http://hl7.org/fhir">
  <id value="YesNo"/>
  <text>
    <status value="extensions"/><div xmlns="http://www.w3.org/1999/xhtml"><ul><li>Include these codes as defined in <a href="http://terminology.hl7.org/5.3.0/CodeSystem-v2-0532.html"><code>http://terminology.hl7.org/CodeSystem/v2-0532</code></a><table class="none"><tr><td style="white-space:nowrap"><b>Code</b></td><td><b>Display</b></td><td><b>Definition</b></td></tr><tr><td><a href="http://terminology.hl7.org/5.3.0/CodeSystem-v2-0532.html#v2-0532-Y">Y</a></td><td>Yes</td><td>Yes</td></tr><tr><td><a href="http://terminology.hl7.org/5.3.0/CodeSystem-v2-0532.html#v2-0532-N">N</a></td><td>No</td><td>No</td></tr></table></li></ul></div>
  </text>
  <url value="http://worldhealthorganization.github.io/smart-ot/ValueSet/YesNo"/>
  <version value="0.2.1"/>
  <name value="YesNo"/>
  <title value="SOT Yes No"/>
  <status value="draft"/>
  <date value="2023-10-26T09:30:25+00:00"/>
  <publisher value="WHO"/>
  <contact>
    <name value="WHO"/>
    <telecom>
      <system value="url"/>
      <value value="http://who.int"/>
    </telecom>
  </contact>
  <description value="Yes No"/>
  <jurisdiction>
    <coding>
      <system value="http://unstats.un.org/unsd/methods/m49/m49.htm"/>
      <code value="001"/>
    </coding>
  </jurisdiction>
  <compose>
    <include>
      <system value="http://terminology.hl7.org/CodeSystem/v2-0532"/>
      <concept>
        <code value="Y"/>
        <display value="Yes"/>
      </concept>
      <concept>
        <code value="N"/>
        <display value="No"/>
      </concept>
    </include>
  </compose>
</ValueSet>