<?xml version="1.0" encoding="UTF-8"?>

<ValueSet xmlns="http://hl7.org/fhir">
  <id value="AnimalContactType"/>
  <text>
    <status value="generated"/><div xmlns="http://www.w3.org/1999/xhtml"><ul><li>Include all codes defined in <a href="CodeSystem-AnimalContactTypeCs.html"><code>http://worldhealthorganization.github.io/smart-ot/AnimalContactType</code></a></li></ul></div>
  </text>
  <url value="http://worldhealthorganization.github.io/smart-ot/ValueSet/AnimalContactType"/>
  <version value="0.2.1"/>
  <name value="AnimalContactType"/>
  <title value="Animal Contact Type"/>
  <status value="draft"/>
  <date value="2023-10-26T09:30:25+00:00"/>
  <publisher value="WHO"/>
  <contact>
    <name value="WHO"/>
    <telecom>
      <system value="url"/>
      <value value="http://who.int"/>
    </telecom>
  </contact>
  <description value="Animal Contact Type"/>
  <jurisdiction>
    <coding>
      <system value="http://unstats.un.org/unsd/methods/m49/m49.htm"/>
      <code value="001"/>
    </coding>
  </jurisdiction>
  <compose>
    <include>
      <system value="http://worldhealthorganization.github.io/smart-ot/AnimalContactType"/>
    </include>
  </compose>
</ValueSet>