{"resourceType":"CodeSystem","id":"VaccineTypeCs","text":{"status":"generated","div":"<div xmlns=\"http://www.w3.org/1999/xhtml\"><p>This  code system <code>http://worldhealthorganization.github.io/smart-ot/VaccineType</code> defines the following codes:</p><table class=\"codes\"><tr><td style=\"white-space:nowrap\"><b>Code</b></td><td><b>Display</b></td></tr><tr><td style=\"white-space:nowrap\">1<a name=\"VaccineTypeCs-1\"> </a></td><td>Measles</td></tr><tr><td style=\"white-space:nowrap\">2<a name=\"VaccineTypeCs-2\"> </a></td><td>Rubella</td></tr><tr><td style=\"white-space:nowrap\">3<a name=\"VaccineTypeCs-3\"> </a></td><td>Measles Rubella(MR)</td></tr><tr><td style=\"white-space:nowrap\">4<a name=\"VaccineTypeCs-4\"> </a></td><td>Measles Mumps Rubella (MMR)</td></tr></table></div>"},"url":"http://worldhealthorganization.github.io/smart-ot/VaccineType","version":"0.2.1","name":"VaccineTypeCs","title":"Vaccine Type","status":"draft","date":"2023-10-26T09:30:25+00:00","publisher":"WHO","contact":[{"name":"WHO","telecom":[{"system":"url","value":"http://who.int"}]}],"description":"Vaccine Type","jurisdiction":[{"coding":[{"system":"http://unstats.un.org/unsd/methods/m49/m49.htm","code":"001"}]}],"content":"complete","count":4,"concept":[{"code":"1","display":"Measles"},{"code":"2","display":"Rubella"},{"code":"3","display":"Measles Rubella(MR)"},{"code":"4","display":"Measles Mumps Rubella (MMR)"}]}