{"resourceType":"CodeSystem","id":"TestTypeCs","text":{"status":"generated","div":"<div xmlns=\"http://www.w3.org/1999/xhtml\"><p>This  code system <code>http://worldhealthorganization.github.io/smart-ot/TestType</code> defines the following codes:</p><table class=\"codes\"><tr><td style=\"white-space:nowrap\"><b>Code</b></td><td><b>Display</b></td></tr><tr><td style=\"white-space:nowrap\">Measles<a name=\"TestTypeCs-Measles\"> </a></td><td>Measles IgM</td></tr><tr><td style=\"white-space:nowrap\">Rubella<a name=\"TestTypeCs-Rubella\"> </a></td><td>Rubella IgM</td></tr></table></div>"},"url":"http://worldhealthorganization.github.io/smart-ot/TestType","version":"0.2.1","name":"TestTypeCs","title":"Test Type","status":"draft","date":"2023-10-26T09:30:25+00:00","publisher":"WHO","contact":[{"name":"WHO","telecom":[{"system":"url","value":"http://who.int"}]}],"description":"Test Type","jurisdiction":[{"coding":[{"system":"http://unstats.un.org/unsd/methods/m49/m49.htm","code":"001"}]}],"content":"complete","count":2,"concept":[{"code":"Measles","display":"Measles IgM"},{"code":"Rubella","display":"Rubella IgM"}]}