{"resourceType":"CodeSystem","id":"LocTypeCs","text":{"status":"generated","div":"<div xmlns=\"http://www.w3.org/1999/xhtml\"><p>This  code system <code>http://worldhealthorganization.github.io/smart-ot/LocType</code> defines the following codes:</p><table class=\"codes\"><tr><td style=\"white-space:nowrap\"><b>Code</b></td><td><b>Display</b></td></tr><tr><td style=\"white-space:nowrap\">1<a name=\"LocTypeCs-1\"> </a></td><td>Urban</td></tr><tr><td style=\"white-space:nowrap\">2<a name=\"LocTypeCs-2\"> </a></td><td>Periurban</td></tr><tr><td style=\"white-space:nowrap\">3<a name=\"LocTypeCs-3\"> </a></td><td>Rural</td></tr></table></div>"},"url":"http://worldhealthorganization.github.io/smart-ot/LocType","version":"0.2.1","name":"LocTypeCs","title":"Locality Type Code System","status":"draft","date":"2023-10-26T09:30:25+00:00","publisher":"WHO","contact":[{"name":"WHO","telecom":[{"system":"url","value":"http://who.int"}]}],"description":"Locality Type Code System","jurisdiction":[{"coding":[{"system":"http://unstats.un.org/unsd/methods/m49/m49.htm","code":"001"}]}],"content":"complete","count":3,"concept":[{"code":"1","display":"Urban"},{"code":"2","display":"Periurban"},{"code":"3","display":"Rural"}]}