{"resourceType":"CodeSystem","id":"InfectionSettingCs","text":{"status":"generated","div":"<div xmlns=\"http://www.w3.org/1999/xhtml\"><p>This  code system <code>http://worldhealthorganization.github.io/smart-ot/InfectionSetting</code> defines the following codes:</p><table class=\"codes\"><tr><td style=\"white-space:nowrap\"><b>Code</b></td><td><b>Display</b></td></tr><tr><td style=\"white-space:nowrap\">1<a name=\"InfectionSettingCs-1\"> </a></td><td>Household contact</td></tr><tr><td style=\"white-space:nowrap\">2<a name=\"InfectionSettingCs-2\"> </a></td><td>Community</td></tr><tr><td style=\"white-space:nowrap\">3<a name=\"InfectionSettingCs-3\"> </a></td><td>Health Center</td></tr><tr><td style=\"white-space:nowrap\">99<a name=\"InfectionSettingCs-99\"> </a></td><td>Unknown</td></tr><tr><td style=\"white-space:nowrap\">88<a name=\"InfectionSettingCs-88\"> </a></td><td>Others</td></tr></table></div>"},"url":"http://worldhealthorganization.github.io/smart-ot/InfectionSetting","version":"0.2.1","name":"InfectionSettingCs","title":"InfectionSetting","status":"draft","date":"2023-10-26T09:30:25+00:00","publisher":"WHO","contact":[{"name":"WHO","telecom":[{"system":"url","value":"http://who.int"}]}],"description":"InfectionSetting","jurisdiction":[{"coding":[{"system":"http://unstats.un.org/unsd/methods/m49/m49.htm","code":"001"}]}],"content":"complete","count":5,"concept":[{"code":"1","display":"Household contact"},{"code":"2","display":"Community"},{"code":"3","display":"Health Center"},{"code":"99","display":"Unknown"},{"code":"88","display":"Others"}]}