{"resourceType":"StructureMap","id":"AFROMRCIFQuestionnaireToResources","text":{"status":"generated","div":"<div xmlns=\"http://www.w3.org/1999/xhtml\"><pre class=\"fml\">\r\n<b>map</b><span style=\"color: navy\"> &quot;</span>http://worldhealthorganization.github.io/smart-ot/StructureMap/AFROMRCIFQuestionnaireToResources<span style=\"color: navy\">&quot; = &quot;</span>AFROMRCIFQuestionnaireToResources<span style=\"color: navy\">&quot;\r\n\r\n</span><b>uses</b><span style=\"color: navy\"> &quot;</span><a href=\"http://hl7.org/fhir/R4/questionnaireresponse.html\" title=\"QuestionnaireResponse\">http://hl7.org/fhir/StructureDefinition/QuestionnaireResponse</a><span style=\"color: navy\">&quot; </span><b>alias </b>QuestionnaireResponse <b>as </b><b>source</b>\r\n<b>uses</b><span style=\"color: navy\"> &quot;</span><a href=\"http://hl7.org/fhir/R4/bundle.html\" title=\"Bundle\">http://hl7.org/fhir/StructureDefinition/Bundle</a><span style=\"color: navy\">&quot; </span><b>alias </b>MeaslesCIFBundle <b>as </b><b>target</b>\r\n\r\n<b>imports</b><span style=\"color: navy\"> &quot;</span><a href=\"StructureMap-AFROMRCIFLogicalModelToResources.html\" title=\"AFROMRCIFLogicalModelToResources\">http://worldhealthorganization.github.io/smart-ot/StructureMap/AFROMRCIFLogicalModelToResources</a><span style=\"color: navy\">&quot;\r\n</span><b>imports</b><span style=\"color: navy\"> &quot;</span><a href=\"StructureMap-AFROMRCIFQuestionnaireToLogicalModel.html\" title=\"AFROMRCIFQuestionnaireToLogicalModel\">http://worldhealthorganization.github.io/smart-ot/StructureMap/AFROMRCIFQuestionnaireToLogicalModel</a><span style=\"color: navy\">&quot;\r\n</span>\r\n<b>group </b>MeaslesQuestionnaireToResources<span style=\"color: navy\">(</span><b>source</b> <span style=\"color: maroon\">qr</span><span style=\"color: navy\"> : </span>QuestionnaireResponse, <b>target</b> <span style=\"color: maroon\">bundleCif</span><span style=\"color: navy\"> : </span>MeaslesCIFBundle<span style=\"color: navy\">)</span><span style=\"color: navy\"> {\r\n</span>  qr<span style=\"color: navy\"><b> -&gt; </b></span><b>create</b><span style=\"color: navy\">(</span><span style=\"color: blue\">'http://worldhealthorganization.github.io/smart-ot/StructureDefinition/AFROMRCIF'</span><span style=\"color: navy\">)</span><b> as </b><span style=\"color: maroon\">model</span><b> then</b><span style=\"color: navy\"> {\r\n</span>    qr<span style=\"color: navy\"><b> -&gt; </b></span><span style=\"color: maroon\">model</span><b> then </b>MRCIFQuestionnaireToLogicalModel<span style=\"color: navy\">(</span><span style=\"color: maroon\">qr</span><span style=\"color: navy\">, </span><span style=\"color: maroon\">model</span><span style=\"color: navy\">)</span> <i>&quot;QRtoLM&quot;</i><span style=\"color: navy\">;</span>\r\n    qr<span style=\"color: navy\"><b> -&gt; </b></span><span style=\"color: maroon\">bundleCif</span><b> then </b>MRCIFLogicalModelToResources<span style=\"color: navy\">(</span><span style=\"color: maroon\">model</span><span style=\"color: navy\">, </span><span style=\"color: maroon\">bundleCif</span><span style=\"color: navy\">)</span> <i>&quot;LMtoBundle&quot;</i><span style=\"color: navy\">;</span>\r\n  <span style=\"color: navy\">}</span> <i>&quot;QRtoBundle&quot;</i><span style=\"color: navy\">;</span>\r\n<span style=\"color: navy\">}\r\n\r\n</span></pre></div>"},"url":"http://worldhealthorganization.github.io/smart-ot/StructureMap/AFROMRCIFQuestionnaireToResources","version":"0.2.1","name":"AFROMRCIFQuestionnaireToResources","status":"draft","date":"2023-10-26T09:30:25+00:00","publisher":"WHO","contact":[{"name":"WHO","telecom":[{"system":"url","value":"http://who.int"}]}],"jurisdiction":[{"coding":[{"system":"http://unstats.un.org/unsd/methods/m49/m49.htm","code":"001"}]}],"structure":[{"url":"http://hl7.org/fhir/StructureDefinition/QuestionnaireResponse","mode":"source","alias":"QuestionnaireResponse"},{"url":"http://hl7.org/fhir/StructureDefinition/Bundle","mode":"target","alias":"MeaslesCIFBundle"}],"import":["http://worldhealthorganization.github.io/smart-ot/StructureMap/AFROMRCIFLogicalModelToResources","http://worldhealthorganization.github.io/smart-ot/StructureMap/AFROMRCIFQuestionnaireToLogicalModel"],"group":[{"name":"MeaslesQuestionnaireToResources","typeMode":"none","input":[{"name":"qr","type":"QuestionnaireResponse","mode":"source"},{"name":"bundleCif","type":"MeaslesCIFBundle","mode":"target"}],"rule":[{"name":"QRtoBundle","source":[{"context":"qr"}],"target":[{"contextType":"variable","variable":"model","transform":"create","parameter":[{"valueString":"http://worldhealthorganization.github.io/smart-ot/StructureDefinition/AFROMRCIF"}]}],"rule":[{"name":"QRtoLM","source":[{"context":"qr"}],"target":[{"contextType":"variable","transform":"copy","parameter":[{"valueId":"model"}]}],"dependent":[{"name":"MRCIFQuestionnaireToLogicalModel","variable":["qr","model"]}]},{"name":"LMtoBundle","source":[{"context":"qr"}],"target":[{"contextType":"variable","transform":"copy","parameter":[{"valueId":"bundleCif"}]}],"dependent":[{"name":"MRCIFLogicalModelToResources","variable":["model","bundleCif"]}]}]}]}]}