{"resourceType":"ValueSet","id":"DiscardingBasis","text":{"status":"generated","div":"<div xmlns=\"http://www.w3.org/1999/xhtml\"><ul><li>Include all codes defined in <a href=\"CodeSystem-DiscardingBasisCs.html\"><code>http://worldhealthorganization.github.io/smart-ot/DiscardingBasis</code></a></li></ul></div>"},"url":"http://worldhealthorganization.github.io/smart-ot/ValueSet/DiscardingBasis","version":"0.2.1","name":"DiscardingBasis","title":" DiscardingBasis","status":"draft","date":"2023-10-26T09:30:25+00:00","publisher":"WHO","contact":[{"name":"WHO","telecom":[{"system":"url","value":"http://who.int"}]}],"description":" DiscardingBasis","jurisdiction":[{"coding":[{"system":"http://unstats.un.org/unsd/methods/m49/m49.htm","code":"001"}]}],"compose":{"include":[{"system":"http://worldhealthorganization.github.io/smart-ot/DiscardingBasis"}]}}