{"resourceType":"ValueSet","id":"SourceOfInfection","text":{"status":"generated","div":"<div xmlns=\"http://www.w3.org/1999/xhtml\"><ul><li>Include all codes defined in <a href=\"CodeSystem-SourceOfInfectionCs.html\"><code>http://worldhealthorganization.github.io/smart-ot/SourceOfInfection</code></a></li></ul></div>"},"url":"http://worldhealthorganization.github.io/smart-ot/ValueSet/SourceOfInfection","version":"0.2.1","name":"SourceOfInfection","title":" SourceOfInfection","status":"draft","date":"2023-10-26T09:30:25+00:00","publisher":"WHO","contact":[{"name":"WHO","telecom":[{"system":"url","value":"http://who.int"}]}],"description":" SourceOfInfection","jurisdiction":[{"coding":[{"system":"http://unstats.un.org/unsd/methods/m49/m49.htm","code":"001"}]}],"compose":{"include":[{"system":"http://worldhealthorganization.github.io/smart-ot/SourceOfInfection"}]}}